<application>
  <component name="CodeInsightSettings">
    <option name="completionCaseSensitive" value="2" />
    <option name="COMPLETION_CASE_SENSITIVE" value="2" />
    <option name="ADD_UNAMBIGIOUS_IMPORTS_ON_THE_FLY" value="true" />
  </component>
  <component name="DaemonCodeAnalyzerSettings">
    <option name="AUTOREPARSE_DELAY" value="1000" />
    <option name="SHOW_METHOD_SEPARATORS" value="true" />
  </component>
  <component name="DefaultFont">
    <option name="FONT_REGULAR_SUB_FAMILY" value="Regular" />
    <option name="FONT_BOLD_SUB_FAMILY" value="Bold" />
    <option name="USE_LIGATURES" value="true" />
  </component>
  <component name="EditorSettings">
    <option name="languageBreadcrumbsMap">
      <map>
        <entry key="CFML" value="true" />
        <entry key="CSS" value="true" />
        <entry key="FTL" value="true" />
        <entry key="Groovy" value="true" />
        <entry key="HTML" value="true" />
        <entry key="Haml" value="true" />
        <entry key="JAVA" value="true" />
        <entry key="JSON" value="true" />
        <entry key="JSP" value="true" />
        <entry key="JSPX" value="true" />
        <entry key="JavaScript" value="true" />
        <entry key="LESS" value="true" />
        <entry key="SASS" value="true" />
        <entry key="SCSS" value="true" />
        <entry key="SQL" value="true" />
        <entry key="Stylus" value="true" />
        <entry key="TypeScript" value="true" />
        <entry key="VTL" value="true" />
        <entry key="XHTML" value="true" />
        <entry key="XML" value="true" />
        <entry key="kotlin" value="true" />
        <entry key="yaml" value="true" />
      </map>
    </option>
    <option name="USE_SOFT_WRAPS" value="PREVIEW" />
    <option name="SOFT_WRAP_FILE_MASKS" value="*.md; *.txt; *.rst; *.adoc" />
    <option name="SHOW_BREADCRUMBS_ABOVE" value="true" />
    <option name="ADDITIONAL_PAGE_AT_BOTTOM" value="true" />
    <option name="IS_WHEEL_FONTCHANGE_ENABLED" value="true" />
  </component>
  <component name="InlayHintsSettings">
    <option name="lastViewedProviderKeyId" value="parameter.hints.old" />
  </component>
  <component name="JavaCodeFoldingSettings">
    <option name="collapseAccessors" value="true" />
    <option name="collapseAnonymousClasses" value="true" />
    <option name="collapseEndOfLineComments" value="true" />
  </component>
  <component name="TodoConfiguration">
    <pattern pattern="\b(todo|fixme)\b.*" />
    <pattern pattern="\bUser：KM7\b.*" />
    <filter name="jc">
      <pattern index="1" />
    </filter>
  </component>
  <component name="XmlEditorOptions">
    <option name="showCssInlineColorPreview" value="true" />
  </component>
</application>