<application>
  <component name="LanguageInjectionConfiguration">
    <injection language="SQL" injector-id="java">
      <display-name>Delete.value (org.apache.ibatis.annotations)</display-name>
      <place><![CDATA[psiMethod().withName("value").withParameters().definedInClass("org.apache.ibatis.annotations.Delete")]]></place>
    </injection>
    <injection language="JSON" injector-id="java">
      <display-name>JSON.parseObject (com.alibaba.fastjson)</display-name>
      <place><![CDATA[psiParameter().ofMethod(0, psiMethod().withName("parseObject").withParameters("java.lang.String").definedInClass("com.alibaba.fastjson.JSON"))]]></place>
    </injection>
    <injection language="HTTP Request" injector-id="java">
      <display-name>OdsMktg2paltRule.setPushBusiUrl (com.ffcs.crmd.uop.intf.mktact.entity)</display-name>
      <place><![CDATA[psiParameter().ofMethod(0, psiMethod().withName("setPushBusiUrl").withParameters("java.lang.String").definedInClass("com.ffcs.crmd.uop.intf.mktact.entity.OdsMktg2paltRule"))]]></place>
    </injection>
    <injection language="MySQL" injector-id="xml">
      <display-name>select</display-name>
      <place><![CDATA[xmlTag().withLocalName(string().equalTo("select")).withNamespace(string().equalTo("http://mybatis.org/dtd/mybatis-3-mapper.dtd"))]]></place>
    </injection>
  </component>
</application>